INSERT INTO MATERIA VALUES ('CI6116','Sistemas de informacion II',4);
INSERT INTO MATERIA VALUES ('CI1115','Sistemas de informacion I',4);
INSERT INTO MATERIA VALUES ('CI5311','Bases de Datos II',4);
insert into MATERIA values ('CI4357','Materia para Negar',4,'si');

INSERT INTO oferta VALUES ('CI6116','D-2022');
INSERT INTO oferta VALUES ('CI1115','D-2022');
INSERT INTO oferta VALUES ('CI5311','D-2022');
INSERT INTO oferta VALUES ('CI6116','09-10219');
INSERT INTO oferta VALUES ('CI5311','09-10219');

INSERT INTO pertenece VALUES ('22-90457','09-10219');
INSERT INTO pertenece VALUES ('28-63146','09-10219');
INSERT INTO pertenece VALUES ('84-73618','09-10219');
INSERT INTO pertenece VALUES ('43-62893','09-10219');

INSERT INTO maneja VALUES('09-10020','CI6116');
INSERT INTO maneja VALUES('09-10020','CI5311');
INSERT INTO maneja VALUES('C-0001','CI6116');
INSERT INTO maneja VALUES('C-0001','CI5311');

INSERT INTO dicta VALUES('22-90457','CI6116','AJ');
INSERT INTO dicta VALUES('22-90457','CI5311','SD');
INSERT INTO dicta VALUES('28-63146','CI6116','SD');
INSERT INTO dicta VALUES('84-73618','CI1115','SD');
INSERT INTO dicta VALUES('43-62893','CI5311','SD');

INSERT INTO se_adscribe VALUES('09-10020','1003');
INSERT INTO se_adscribe VALUES('C-0001','1003');
INSERT INTO se_adscribe VALUES('C-0002','1003');
INSERT INTO se_adscribe VALUES('C-0003','1003');
INSERT INTO se_adscribe VALUES('C-0004','1003');
INSERT INTO se_adscribe VALUES('C-0005','1003');
INSERT INTO se_adscribe VALUES('C-0006','1003');
INSERT INTO se_adscribe VALUES('C-0007','1003');
INSERT INTO se_adscribe VALUES('C-0008','1003');
INSERT INTO se_adscribe VALUES('C-0009','1003');
INSERT INTO se_adscribe VALUES('C-0010','1003');
INSERT INTO se_adscribe VALUES('C-0011','1001');
INSERT INTO se_adscribe VALUES('C-0013','1001');
INSERT INTO se_adscribe VALUES('C-0014','1001');
INSERT INTO se_adscribe VALUES('C-0015','1001');
INSERT INTO se_adscribe VALUES('C-0016','1001');
INSERT INTO se_adscribe VALUES('C-0017','1001');
INSERT INTO se_adscribe VALUES('C-0018','1001');
INSERT INTO se_adscribe VALUES('C-0019','1001');
INSERT INTO se_adscribe VALUES('C-0020','1001');
INSERT INTO se_adscribe VALUES('C-0021','1001');
INSERT INTO se_adscribe VALUES('C-0022','1001');
INSERT INTO se_adscribe VALUES('C-0023','1001');
INSERT INTO se_adscribe VALUES('C-0024','1001');
INSERT INTO se_adscribe VALUES('C-0025','1001');
INSERT INTO se_adscribe VALUES('C-0026','1001');
INSERT INTO se_adscribe VALUES('C-0027','1001');
INSERT INTO se_adscribe VALUES('C-0028','1001');
INSERT INTO se_adscribe VALUES('C-0029','1001');
INSERT INTO se_adscribe VALUES('C-0030','1001');
INSERT INTO se_adscribe VALUES('C-0031','1001');
INSERT INTO se_adscribe VALUES('C-0032','1001');
INSERT INTO se_adscribe VALUES('C-0033','1001');
INSERT INTO se_adscribe VALUES('C-0034','1001');
INSERT INTO se_adscribe VALUES('C-0035','1001');
INSERT INTO se_adscribe VALUES('C-0036','1001');
INSERT INTO se_adscribe VALUES('C-0037','1001');
INSERT INTO se_adscribe VALUES('C-0038','1001');
INSERT INTO se_adscribe VALUES('C-0039','1001');
INSERT INTO se_adscribe VALUES('C-0040','1001');
INSERT INTO se_adscribe VALUES('C-0041','1001');
INSERT INTO se_adscribe VALUES('C-0042','1001');
INSERT INTO se_adscribe VALUES('C-0043','1001');
INSERT INTO se_adscribe VALUES('C-0044','1001');
INSERT INTO se_adscribe VALUES('C-0045','1001');
INSERT INTO se_adscribe VALUES('C-0046','1001');
INSERT INTO se_adscribe VALUES('C-0047','1001');
INSERT INTO se_adscribe VALUES('C-0048','1001');
INSERT INTO se_adscribe VALUES('C-0049','1001');
INSERT INTO se_adscribe VALUES('C-0050','1001');
INSERT INTO se_adscribe VALUES('C-0051','1001');
INSERT INTO se_adscribe VALUES('C-0052','1001');

insert into solicita_apertura values ('CI4357','09-10020','09-10219','Necesito apertura');

insert into rendimiento values ('22-90457','CI6116','AJ','2008','20','3.2','7','2','4','4','3','0','si','2008','AJ');
insert into rendimiento values ('22-90457','CI6116','AJ','2005','20','3.2','7','2','4','4','3','0','si','2005','AJ');
insert into rendimiento values ('22-90457','CI5311','AJ','2005','20','3.2','7','2','4','4','3','0','si','2005','AJ');
insert into rendimiento values ('22-90457','CI6116','SD','2005','20','3.2','7','2','4','4','3','0','si','2005','SD');
insert into rendimiento values ('22-90457','CI6116','AJ','2006','20','3.2','7','2','4','4','3','0','si','2006','AJ');
insert into rendimiento values ('22-90457','CI6116','AJ','2007','20','3.2','7','2','4','4','3','0','si','2007','AJ');
insert into rendimiento values ('28-63146','CI6116','SD','2007','20','3.2','7','2','4','4','3','0','si','2007','SD');

insert into evaluado values ('09-10020','22-90457','2008','AJ','no','irresponsable');
insert into evaluado values ('09-10020','22-90457','2005','AJ','si','responsable');
insert into evaluado values ('09-10020','22-90457','2005','SD','si','responsable');
insert into evaluado values ('09-10020','22-90457','2006','AJ','no','irresponsable');
insert into evaluado values ('09-10020','22-90457','2007','AJ','si','responsable');
insert into evaluado values ('09-10020','28-63146','2007','SD','si','responsable');