INSERT INTO USUARIO VALUES ('admin','administrador','admin');
INSERT INTO USUARIO VALUES (1003,'decanato','decanato');
INSERT INTO USUARIO VALUES ('C-0039','coordinacion','coordinacion');
INSERT INTO USUARIO VALUES ('C-0003','coordinacion','coordinacion');
INSERT INTO USUARIO VALUES ('D-2022','departamento','departamento');
INSERT INTO USUARIO VALUES ('C-0017','coordinacion','coordinacion');
INSERT INTO USUARIO VALUES ('09-10219','departamento','departamento');
INSERT INTO USUARIO VALUES ('09-10020','coordinacion','coordinacion');

INSERT INTO USUARIO VALUES ('22-90457','profesor','admin');
INSERT INTO USUARIO VALUES ('28-63146','profesor','admin');
INSERT INTO USUARIO VALUES ('84-73618','profesor','admin');
INSERT INTO USUARIO VALUES ('43-62893','profesor','admin');

INSERT INTO COORDINACION VALUES ('09-10020','Coordinacion de Administración de Email');
INSERT INTO COORDINACION VALUES ('C-0001','Coordinacion de Administracion de Turismo y Hoteleria');
INSERT INTO COORDINACION VALUES ('C-0002','Coordinacion de Alimentos');
INSERT INTO COORDINACION VALUES ('C-0003','Coordinacion de Arquitectura');
INSERT INTO COORDINACION VALUES ('C-0004','Coordinacion de Biologia');
INSERT INTO COORDINACION VALUES ('C-0005','Coordinacion de Ciencias Aplicadas e Ingenieria');
INSERT INTO COORDINACION VALUES ('C-0006','Coordinacion de Ciencias Aplicadas (Litoral)');
INSERT INTO COORDINACION VALUES ('C-0007','Coordinacion de Ciencias de los Alimentos');
INSERT INTO COORDINACION VALUES ('C-0008','Coordinacion de Ciencias Politicas');
INSERT INTO COORDINACION VALUES ('C-0009','Coordinacion de Cursos en Cooperacion');
INSERT INTO COORDINACION VALUES ('C-0010','Coordinacion de Desarrollo del Ambiente');
INSERT INTO COORDINACION VALUES ('C-0011','Coordinacion de Doctorado en Ingenieria');
INSERT INTO COORDINACION VALUES ('C-0012','Coordinacion de Extension Universitaria');
INSERT INTO COORDINACION VALUES ('C-0013','Coordinacion de Extension Universitaria (Litoral)');
INSERT INTO COORDINACION VALUES ('C-0014','Coordinacion de Filosofia');
INSERT INTO COORDINACION VALUES ('C-0015','Coordinacion de Fisica');
INSERT INTO COORDINACION VALUES ('C-0016','Coordinacion de Gerencia de Empresas');
INSERT INTO COORDINACION VALUES ('C-0017','Coordinacion de Ingenieria de Computacion');
INSERT INTO COORDINACION VALUES ('C-0018','Coordinacion de Ingenieria de Materiales');
INSERT INTO COORDINACION VALUES ('C-0019','Coordinacion de Ingenieria de Produccion');
INSERT INTO COORDINACION VALUES ('C-0020','Coordinacion de Ingenieria de Sistemas');
INSERT INTO COORDINACION VALUES ('C-0021','Coordinacion de Ingenieria Electrica');
INSERT INTO COORDINACION VALUES ('C-0022','Coordinacion de Ingenieria Electronica');
INSERT INTO COORDINACION VALUES ('C-0023','Coordinacion de Ingenieria Geofisica');
INSERT INTO COORDINACION VALUES ('C-0024','Coordinacion de Ingenieria Mecanica');
INSERT INTO COORDINACION VALUES ('C-0025','Coordinacion de Ingenieria Quimica');
INSERT INTO COORDINACION VALUES ('C-0026','Coordinacion de Licenciatura en Quimica');
INSERT INTO COORDINACION VALUES ('C-0027','Coordinacion de Linguistica Aplicada');
INSERT INTO COORDINACION VALUES ('C-0028','Coordinacion de Literatura Latinoamericana');
INSERT INTO COORDINACION VALUES ('C-0029','Coordinacion del Nucleo');
INSERT INTO COORDINACION VALUES ('C-0030','Coordinacion de Matematicas');
INSERT INTO COORDINACION VALUES ('C-0031','Coordinacion de Planificacion e Ingenieria de Recursos Hidraulicos');
INSERT INTO COORDINACION VALUES ('C-0032','Coordinacion de Postgrado en Ciencias Biologicas');
INSERT INTO COORDINACION VALUES ('C-0033','Coordinacion de Postgrado en Ciencias de los Alimentos y Nutricion');
INSERT INTO COORDINACION VALUES ('C-0034','Coordinacion de Postgrado en Ciencias Politicas');
INSERT INTO COORDINACION VALUES ('C-0035','Coordinacion de Postgrado en Desarrollo y Ambiente');
INSERT INTO COORDINACION VALUES ('C-0036','Coordinacion de Postgrado en Educacion');
INSERT INTO COORDINACION VALUES ('C-0037','Coordinacion de Postgrado en Estadistica');
INSERT INTO COORDINACION VALUES ('C-0038','Coordinacion de Postgrado en Filosofia');
INSERT INTO COORDINACION VALUES ('C-0039','Coordinacion de Postgrado en Ingenieria de Materiales');
INSERT INTO COORDINACION VALUES ('C-0040','Coordinacion de Postgrado en Ingenieria de Sistemas');
INSERT INTO COORDINACION VALUES ('C-0041','Coordinacion de Postgrado en Ingenieria Electrica');
INSERT INTO COORDINACION VALUES ('C-0042','Coordinacion de Postgrado en Ingenieria Electronica');
INSERT INTO COORDINACION VALUES ('C-0043','Coordinacion de Postgrado en Ingenieria Empresarial');
INSERT INTO COORDINACION VALUES ('C-0044','Coordinacion de Postgrado en Ingenieria Mecanica');
INSERT INTO COORDINACION VALUES ('C-0045','Coordinacion de Postgrado en Ingenieria Quimica');
INSERT INTO COORDINACION VALUES ('C-0046','Coordinacion de Postgrado en Literatura');
INSERT INTO COORDINACION VALUES ('C-0047','Coordinacion de Postgrado en Musica');
INSERT INTO COORDINACION VALUES ('C-0048','Coordinacion de Postgrado (Litoral)');
INSERT INTO COORDINACION VALUES ('C-0049','Coordinacion de Psicologia');
INSERT INTO COORDINACION VALUES ('C-0050','Coordinacion de Relaciones con la Comunidad');
INSERT INTO COORDINACION VALUES ('C-0051','Coordinacion de Transporte Urbano');
INSERT INTO COORDINACION VALUES ('C-0052','Coordinacion de Urbanismo');

INSERT INTO DECANATO VALUES (1001,'Decanato de Estudios de Postgrado');
INSERT INTO DECANATO VALUES (1002,'Decanato de Estudios Generales');
INSERT INTO DECANATO VALUES (1003,'Decanato de Estudios Profesionales');
INSERT INTO DECANATO VALUES (1004,'Decanato de Estudios Tecnologicos');
INSERT INTO DECANATO VALUES (1005,'Decanato de Extension Universitaria');
INSERT INTO DECANATO VALUES (1006,'Decanato de Investigacion y Desarrollo');

INSERT INTO DEPARTAMENTO VALUES ('09-10219','Departamento de pruebas de Email');
INSERT INTO DEPARTAMENTO VALUES ('D-2001','Departamento de Administracion de Personal');
INSERT INTO DEPARTAMENTO VALUES ('D-2002','Departamento de Administracion y Almacen');
INSERT INTO DEPARTAMENTO VALUES ('D-2003','Departamento de Admision y Control de Estudios');
INSERT INTO DEPARTAMENTO VALUES ('D-2004','Departamento de Admision y Control de Estudios (Litoral)');
INSERT INTO DEPARTAMENTO VALUES ('D-2005','Departamento de Adquisicion y Reproduccion');
INSERT INTO DEPARTAMENTO VALUES ('D-2006','Departamento de Adquisicion y Reproduccion (Litoral)');
INSERT INTO DEPARTAMENTO VALUES ('D-2007','Departamento de Archivo y Estadistica (Litoral)');
INSERT INTO DEPARTAMENTO VALUES ('D-2008','Departamento de Atencion al Usuario');
INSERT INTO DEPARTAMENTO VALUES ('D-2009','Departamento de Bienes Nacionales');
INSERT INTO DEPARTAMENTO VALUES ('D-2010','Departamento de Bioingenieria');
INSERT INTO DEPARTAMENTO VALUES ('D-2011','Departamento de Biologia Celular');
INSERT INTO DEPARTAMENTO VALUES ('D-2012','Departamento de Biologia Celular y Organismos');
INSERT INTO DEPARTAMENTO VALUES ('D-2013','Departamento de Biologia de Organismos');
INSERT INTO DEPARTAMENTO VALUES ('D-2014','Departamento de Ciencias de la Tierra');
INSERT INTO DEPARTAMENTO VALUES ('D-2015','Departamento de Ciencias de los Materiales');
INSERT INTO DEPARTAMENTO VALUES ('D-2016','Departamento de Ciencias Economicas y Administrativas');
INSERT INTO DEPARTAMENTO VALUES ('D-2017','Departamento de Ciencias Politicas');
INSERT INTO DEPARTAMENTO VALUES ('D-2018','Departamento de Ciencias Sociales');
INSERT INTO DEPARTAMENTO VALUES ('D-2019','Departamento de Ciencia y Tecnologia del Comportamiento');
INSERT INTO DEPARTAMENTO VALUES ('D-2020','Departamento de Compras y Suministros');
INSERT INTO DEPARTAMENTO VALUES ('D-2021','Departamento de Computacion (Litoral)');
INSERT INTO DEPARTAMENTO VALUES ('D-2022','Departamento de Computacion y Tecnologia de la Informacion');
INSERT INTO DEPARTAMENTO VALUES ('D-2023','Departamento de Computo Cientifico y Estadistica');
INSERT INTO DEPARTAMENTO VALUES ('D-2024','Departamento de Contabilidad');
INSERT INTO DEPARTAMENTO VALUES ('D-2025','Departamento de Conversion y Transporte de Energia');
INSERT INTO DEPARTAMENTO VALUES ('D-2026','Departamento de Correspondencia');
INSERT INTO DEPARTAMENTO VALUES ('D-2027','Departamento de Desarrollo de Personal');
INSERT INTO DEPARTAMENTO VALUES ('D-2028','Departamento de Diseño Arquitectura y Artes Plasticas');
INSERT INTO DEPARTAMENTO VALUES ('D-2029','Departamento de Ejecucion');
INSERT INTO DEPARTAMENTO VALUES ('D-2030','Departamento de Electronica y Circuitos');
INSERT INTO DEPARTAMENTO VALUES ('D-2031','Departamento de Estudios Ambientales');
INSERT INTO DEPARTAMENTO VALUES ('D-2032','Departamento de Filosofia');
INSERT INTO DEPARTAMENTO VALUES ('D-2033','Departamento de Finanzas');
INSERT INTO DEPARTAMENTO VALUES ('D-2034','Departamento de Finanzas (Litoral)');
INSERT INTO DEPARTAMENTO VALUES ('D-2035','Departamento de Fisica');
INSERT INTO DEPARTAMENTO VALUES ('D-2036','Departamento de Formacion General (Litoral)');
INSERT INTO DEPARTAMENTO VALUES ('D-2037','Departamento de Formacion General y Ciencias Basicas');
INSERT INTO DEPARTAMENTO VALUES ('D-2038','Departamento de Gestion del Capital Humano');
INSERT INTO DEPARTAMENTO VALUES ('D-2039','Departamento de Idiomas');
INSERT INTO DEPARTAMENTO VALUES ('D-2040','Departamento de Informacion y Documentacion');
INSERT INTO DEPARTAMENTO VALUES ('D-2041','Departamento de Informacion y Medios');
INSERT INTO DEPARTAMENTO VALUES ('D-2042','Departamento de Ingenieria Electrica');
INSERT INTO DEPARTAMENTO VALUES ('D-2043','Departamento de Ingenieria y Mantenimiento');
INSERT INTO DEPARTAMENTO VALUES ('D-2044','Departamento de Ingenieria y Mantenimiento (Litoral)');
INSERT INTO DEPARTAMENTO VALUES ('D-2045','Departamento de Lengua y Literatura');
INSERT INTO DEPARTAMENTO VALUES ('D-2046','Departamento de Matematicas Puras y Aplicadas');
INSERT INTO DEPARTAMENTO VALUES ('D-2047','Departamento de Mecanica');
INSERT INTO DEPARTAMENTO VALUES ('D-2048','Departamento de Musica');
INSERT INTO DEPARTAMENTO VALUES ('D-2049','Departamento de Planificacion Urbana');
INSERT INTO DEPARTAMENTO VALUES ('D-2050','Departamento de Planta Fisica');
INSERT INTO DEPARTAMENTO VALUES ('D-2051','Departamento de Procesos Biologicos y Bioquimicos');
INSERT INTO DEPARTAMENTO VALUES ('D-2052','Departamento de Procesos y Sistemas');
INSERT INTO DEPARTAMENTO VALUES ('D-2053','Departamento de Produccion de Impresos');
INSERT INTO DEPARTAMENTO VALUES ('D-2054','Departamento de Quimica y Procesos');
INSERT INTO DEPARTAMENTO VALUES ('D-2055','Departamento de Recursos Humanos');
INSERT INTO DEPARTAMENTO VALUES ('D-2056','Departamento de Recursos Humanos (Litoral)');
INSERT INTO DEPARTAMENTO VALUES ('D-2057','Departamento de Redes');
INSERT INTO DEPARTAMENTO VALUES ('D-2058','Departamento de Registro y Control Administrativo');
INSERT INTO DEPARTAMENTO VALUES ('D-2059','Departamento de Registro y Control Financiero');
INSERT INTO DEPARTAMENTO VALUES ('D-2060','Departamento de Relaciones Laborales');
INSERT INTO DEPARTAMENTO VALUES ('D-2061','Departamento de Seguridad y Servicios');
INSERT INTO DEPARTAMENTO VALUES ('D-2062','Departamento de Servicios Audiovisuales');
INSERT INTO DEPARTAMENTO VALUES ('D-2063','Departamento de Servicios de Red');
INSERT INTO DEPARTAMENTO VALUES ('D-2064','Departamento de Servicios Generales');
INSERT INTO DEPARTAMENTO VALUES ('D-2065','Departamento de Servicios Telefonicos');
INSERT INTO DEPARTAMENTO VALUES ('D-2066','Departamento de Servicos Generales');
INSERT INTO DEPARTAMENTO VALUES ('D-2067','Departamento de Soporte de Operaciones y Sistemas');
INSERT INTO DEPARTAMENTO VALUES ('D-2068','Departamento de Tecnologia de Procesos Biologicos y Bioquimicos');
INSERT INTO DEPARTAMENTO VALUES ('D-2069','Departamento de Tecnologia de Servicios');
INSERT INTO DEPARTAMENTO VALUES ('D-2070','Departamento de Tecnologia Industrial');
INSERT INTO DEPARTAMENTO VALUES ('D-2071','Departamento de Tecnologia Informatica');
INSERT INTO DEPARTAMENTO VALUES ('D-2072','Departamento de Termodinamica y Fenomenos de Transferencia');
INSERT INTO DEPARTAMENTO VALUES ('D-2073','Departamento de Tesoreria');
INSERT INTO DEPARTAMENTO VALUES ('D-2074','Departamento de Urbanismo');

INSERT INTO PROFESOR VALUES ('22-90457','Rebecca','Bolaffi','2530218','M','RebeccaBolaffi@usb.ve','RebeccaBolaffi@gmail.com','ayudanteAcad','no','11-11-2011','11-11-2013');
INSERT INTO PROFESOR VALUES ('28-63146','Martin','Torino','9501558','F','MartinTorino@usb.ve','MartinTorino@gmail.com','asociado','no','11-11-2011','11-11-2013');
INSERT INTO PROFESOR VALUES ('84-73618','Alberto','Riera','5370644','F','AlbertoRiera@usb.ve','AlbertoRiera@gmail.com','titular','no','11-11-2011','11-11-2013');
INSERT INTO PROFESOR VALUES ('43-62893','Alejandra','Tovar','15326570','F','AlejandraTovar@usb.ve','AlejandraTovar@gmail.com','asistente','no','11-11-2011','11-11-2013');

INSERT INTO MATERIA VALUES ('CI6116','Sistemas de informacion II','4');
INSERT INTO MATERIA VALUES ('CI1115','Sistemas de informacion I','4');
INSERT INTO MATERIA VALUES ('CI5311','Bases de Datos II','4');

INSERT INTO oferta VALUES ('CI6116','D-2022');
INSERT INTO oferta VALUES ('CI1115','D-2022');
INSERT INTO oferta VALUES ('CI5311','D-2022');

INSERT INTO pertenece VALUES ('22-90457','09-10219');
INSERT INTO pertenece VALUES ('28-63146','09-10219');
INSERT INTO pertenece VALUES ('84-73618','09-10219');
INSERT INTO pertenece VALUES ('43-62893','09-10219');

INSERT INTO maneja VALUES('09-10020','CI6116');
INSERT INTO maneja VALUES('C-0043','CI6116');
INSERT INTO maneja VALUES('C-0001','CI6116');

INSERT INTO dicta VALUES('22-90457','CI6116');
INSERT INTO dicta VALUES('22-90457','CI5311');
INSERT INTO dicta VALUES('28-63146','CI6116');
INSERT INTO dicta VALUES('84-73618','CI1115');
INSERT INTO dicta VALUES('43-62893','CI5311');
